Country Name,Access to electricity (% of population) - EG.ELC.ACCS.ZS,Adjusted net national income per capita (annual % growth) - NY.ADJ.NNTY.PC.KD.ZG,Exports of goods and services (% of GDP) - NE.EXP.GNFS.ZS,Final consumption expenditure (% of GDP) - NE.CON.TOTL.ZS,GDP (current US$) - NY.GDP.MKTP.CD,Gross national expenditure (% of GDP) - NE.DAB.TOTL.ZS,Gross savings (% of GDP) - NY.GNS.ICTR.ZS,Imports of goods and services (% of GDP) - NE.IMP.GNFS.ZS,Trade (% of GDP) - NE.TRD.GNFS.ZS,Women Business and the Law Index Score (scale 1-100) - SG.LAW.INDX,"Annual production-based emissions of carbon dioxide (CO2), measured in million tonnes",Income Classification (World Bank Definition),Gini index (World Bank estimate) - SI.POV.GINI
Angola,NaN,NaN,89.68583119,42.68222811,9129634978,73.17544708,39.20787592,62.86127827,152.5471095,62.5,9.515,Low income,52
Angola,20,18.45738804,75.38894373,69.06468829,8936063723,99.55790723,14.48022216,74.94685096,150.3357947,62.5,9.672,Low income,
Angola,26.38386917,37.23937878,57.0849959,60.63842738,15285594828,91.1316005,28.87681621,48.2167467,105.3017426,62.5,12.598,Low income,
Angola,27.4656353,6.421467891,54.32133738,64.80743881,17812705294,95.25854942,26.05546064,49.57988943,103.9012268,62.5,8.988,Low income,
Angola,28.53676033,-8.470401836,58.38034553,55.92554266,23552052408,86.81921139,33.53599818,45.19957883,103.5799244,62.5,18.702,Lower-middle income,
Angola,29.59622383,7.704993054,65.52626777,47.9818468,36970918699,75.53842659,41.18765332,41.06469436,106.5909621,62.5,19.006,Lower-middle income,
Angola,30.64655495,13.44170657,63.4678635,44.3886614,52381006892,67.68943232,43.45458346,31.15729583,94.62515933,62.5,22.102,Lower-middle income,
Angola,37.5,-9.455948128,67.90578337,46.51792179,65266452081,72.24850115,41.49897042,40.15428452,108.0600679,62.5,24.976,Lower-middle income,
Angola,38.49,-24.25423917,72.47502847,45.61059733,88538611205,76.41465051,38.65885832,48.88967943,121.3647079,62.5,25.486,Lower-middle income,42.7
Angola,33.80418396,29.65594568,58.75730302,62.11067749,70307163678,104.9315363,27.65786789,63.68883933,122.4461423,62.5,27.566,Lower-middle income,
Angola,34.87972641,6.262067639,61.54311272,52.84009578,83799496611,81.03740555,36.98734332,42.58051724,104.12363,62.5,28.864,Lower-middle income,
Angola,34.6,14.85685285,60.66994844,52.21825729,1.12E+11,78.64261098,37.88854989,39.31255941,99.98250785,65,30.33,Upper-middle income,
Angola,37.10102463,9.899725971,55.94013141,53.25225694,1.28E+11,79.9198358,37.23299939,35.8599672,91.80009861,70.625,33.801,Upper-middle income,
Angola,38.24899292,6.000509557,50.74708439,59.17479266,1.37E+11,85.317762,32.02988195,36.06484639,86.81193078,70.625,33.229,Upper-middle income,
Angola,32,4.921015676,44.69503125,62.44240314,1.46E+11,89.94286501,29.96672177,34.63789626,79.33292751,70.625,44.249,Upper-middle income,
Angola,42,-2.743455911,29.75459949,69.17683267,1.16E+11,103.3793218,25.02132654,33.13392129,62.88852079,70.625,33.979,Upper-middle income,
Angola,41.79737854,-2.759886828,28.12448456,69.90647772,1.01E+11,97.12118616,24.42924754,25.24567072,53.37015528,73.125,34.111,Lower-middle income,
Angola,43.0016098,-4.764456221,29.00410005,70.11831676,1.22E+11,94.24862134,23.35194559,23.2527214,52.25682145,73.125,37.471,Lower-middle income,
Angola,45.29,-13.60522407,40.83628989,66.83601101,1.01E+11,88.22192544,25.1731937,25.54182093,66.37811082,73.125,37.679,Lower-middle income,51.3
Albania,100,NaN,20.11536376,92.42716152,3480355189,123.2234207,25.94104928,43.33887425,63.45423801,80,3.004,Lower-middle income,
Albania,100,NaN,21.33343755,88.83557674,3922099471,123.8242583,29.50456097,45.15760713,66.49104468,80,3.221,Lower-middle income,
Albania,100,NaN,20.94565114,91.36973554,4348070165,126.6337815,25.93866668,47.57948015,68.52513128,80,3.748,Lower-middle income,31.7
Albania,100,NaN,20.84745139,91.42890599,5611492283,125.3257928,26.63900665,46.17318516,67.02063654,80,4.232,Lower-middle income,
Albania,100,NaN,22.21755127,88.41525018,7184681399,122.6120172,29.47267673,44.8295956,67.04714687,80,4.104,Lower-middle income,
Albania,100,NaN,23.01299011,87.97666832,8052075642,124.8463344,30.25591505,47.85931453,70.87230464,80,4.199,Lower-middle income,30.6
Albania,100,NaN,25.20959682,88.15034482,8896073938,123.8478594,29.07798087,49.05749752,74.26709433,80,3.844,Lower-middle income,
Albania,100,NaN,28.24786726,92.24437006,10677321490,126.7063487,23.94817393,54.95419417,83.20206143,82.5,3.829,Lower-middle income,
Albania,100,NaN,25.30240214,93.47269239,12881354104,129.2511294,17.6516112,52.14930043,77.45170257,82.5,4.272,Lower-middle income,30
Albania,100,1.29915361,25.24071574,91.92871516,12044223353,126.4865487,17.32852957,49.85412445,75.09484019,82.5,4.254,Upper-middle income,
Albania,100,5.645156352,27.97944855,89.26664273,11926928506,119.5753054,19.96305637,48.56396093,76.54340948,85.625,4.448,Upper-middle income,
Albania,100,0.577822876,29.24150074,89.27360471,12890765324,120.6872166,20.54371604,51.97704782,81.21854856,85.625,5.031,Lower-middle income,
Albania,99.9,-0.705349947,28.93748669,88.81169331,12319830252,117.1402414,19.63082043,47.57268731,76.51017401,85.625,4.668,Upper-middle income,29
Albania,100,2.840445943,28.91635374,91.0548933,12776217195,119.1074289,17.74112307,46.95742792,75.87378166,85.625,4.928,Upper-middle income,
Albania,99.95,0.893148602,28.21297884,92.23921231,13228144008,117.9138924,15.93724254,47.19485522,75.40783406,85.625,5.621,Upper-middle income,34.6
Albania,99.98,0.380862706,27.2673933,91.8054113,11386846319,117.6244392,16.85711946,44.53364682,71.80104013,85.625,4.532,Upper-middle income,32.9
Albania,99.89,3.299739507,28.97786422,92.23037404,11861200797,117.4542292,17.0533263,45.8319572,74.80982141,91.25,4.496,Upper-middle income,33.7
Albania,99.89,2.38489485,31.56982064,91.10644626,13019693451,116.158981,16.54664478,46.62445444,78.19427508,91.25,5.404,Upper-middle income,33.2
Albania,100,4.195362515,31.59157414,90.18192862,15147020535,114.2829541,16.81177005,45.26431362,76.85588775,91.25,5.403,Upper-middle income,
United Arab Emirates,100,NaN,NaN,NaN,1.04E+11,NaN,NaN,NaN,NaN,26.875,111.788,High income,
United Arab Emirates,100,NaN,49.15922533,69.04352361,1.03E+11,91.54612076,NaN,40.7053546,89.86457993,26.875,100.592,High income,
United Arab Emirates,100,-5.842410747,49.50334738,71.51918195,1.10E+11,94.0648635,NaN,43.56831143,93.07165881,26.875,83.698,High income,
United Arab Emirates,100,-0.52023227,55.92319922,68.3241042,1.24E+11,90.45386603,NaN,46.37697028,102.3001695,26.875,105.618,High income,
United Arab Emirates,100,0.006314148,63.56772981,69.50849161,1.48E+11,89.48701067,NaN,53.05488271,116.6226125,26.875,111.802,High income,
United Arab Emirates,100,-5.99223821,67.58531139,64.21538172,1.81E+11,84.38223053,NaN,51.96756025,119.5528716,26.875,114.477,High income,
United Arab Emirates,100,1.92470111,68.62779767,62.9445816,2.22E+11,82.21498129,NaN,50.84287191,119.4706696,26.875,121.737,High income,
United Arab Emirates,100,-7.916303352,72.3840975,66.83077504,2.58E+11,92.02995787,NaN,64.41405537,136.7981529,26.875,133.264,High income,
United Arab Emirates,100,-8.09853373,78.8678887,65.67968423,3.15E+11,90.77777577,NaN,69.64565532,148.513544,26.875,153.969,High income,
United Arab Emirates,100,-24.86945958,79.65331786,62.52175002,2.54E+11,94.15529879,NaN,73.8086265,153.4619444,26.875,165.5,High income,
United Arab Emirates,100,-6.444762264,82.24241809,52.27162079,2.90E+11,79.39273512,NaN,61.63511375,143.8775318,26.875,155.977,High income,
United Arab Emirates,100,11.03489036,90.0765712,48.35134333,3.51E+11,71.51281889,NaN,61.58938238,151.6659536,26.875,169.175,High income,
United Arab Emirates,100,2.36525055,100.2464956,41.87156369,3.75E+11,63.75637068,NaN,64.0028524,164.249348,26.875,217.362,High income,
United Arab Emirates,100,6.895099978,100.5477884,44.92239243,3.90E+11,64.1803694,NaN,64.72816489,165.2759533,26.875,221.836,High income,32.5
United Arab Emirates,100,5.325413831,99.56083028,47.20223823,4.03E+11,69.37067388,NaN,68.9314775,168.4923078,26.875,215.906,High income,
United Arab Emirates,100,-9.105682703,100.8704802,47.84113597,3.58E+11,73.48031542,NaN,74.35082733,175.2213076,26.875,239.671,High income,
United Arab Emirates,100,0.281884399,101.0030139,48.72191857,3.57E+11,74.74164578,NaN,75.74463412,176.747648,26.875,228.583,High income,
United Arab Emirates,100,6.727179228,99.59493841,50.51885299,3.86E+11,75.81447362,NaN,75.40941203,175.0043504,26.875,186.623,High income,
United Arab Emirates,100,-3.072533365,93.0481228,50.12102496,4.22E+11,73.63252794,NaN,66.68065074,159.7287735,30,188.541,High income,26
Argentina,95.44536591,-2.069514863,10.98637523,83.11620311,2.84E+11,100.6496905,14.3684377,11.63606955,22.62244478,65,142.358,Upper-middle income,51.1
Argentina,95.51106347,-5.953193561,11.57900808,83.06825862,2.69E+11,98.69422395,14.21407282,10.27324737,21.85225545,65,134.004,Upper-middle income,53.3
Argentina,96.04728699,-12.42521388,28.382597,74.13367116,97724004252,84.9875764,21.34317688,13.37012736,41.75272436,65,124.392,Upper-middle income,53.8
Argentina,96.33463287,10.17494585,25.93094293,74.63586321,1.28E+11,88.78282531,21.73453301,14.7138051,40.64474803,65,134.631,Upper-middle income,50.9
Argentina,96.61134338,-2.042500605,23.84761942,75.44613692,1.65E+11,92.99740728,13.78283487,16.84502668,40.69264611,70,157.043,Upper-middle income,48.4
Argentina,96.87638855,6.378318335,23.24587673,75.17125338,1.99E+11,94.05951752,13.70860973,17.30539424,40.55127097,70,161.434,Upper-middle income,47.7
Argentina,97.13230133,19.99196917,23.0266946,75.69960343,2.33E+11,94.38009066,21.39021435,17.40678527,40.43347987,70,174.609,Upper-middle income,46.3
Argentina,97.38516998,11.27825379,22.66275031,75.5205568,2.88E+11,95.61967001,22.21114752,18.28242031,40.94517062,70,174.246,Upper-middle income,46.2
Argentina,97.64122009,4.713559764,22.06090038,76.70809674,3.62E+11,96.28087261,21.10145807,18.341773,40.40267338,70,188.106,Upper-middle income,44.9
Argentina,97.90668488,-8.371095491,19.56098506,78.88204443,3.33E+11,94.93515679,18.29532296,14.49614185,34.05712691,73.125,178.949,Upper-middle income,43.7
Argentina,98.82,10.62923859,18.93382341,79.39783265,4.24E+11,97.10336646,17.30528056,16.03718986,34.97101326,73.125,186.733,Upper-middle income,43.6
Argentina,99.0802002,7.885776042,18.44920915,79.9092778,5.30E+11,98.30773671,17.34843039,16.75694585,35.206155,73.125,190.274,Upper-middle income,42.6
Argentina,99.22885895,-2.664752073,16.23785946,81.54883692,5.46E+11,98.05082345,16.05516478,14.28868291,30.52654237,73.125,191.715,Upper-middle income,41.3
Argentina,99.35622406,0.864589653,14.61717339,82.79380332,5.52E+11,100.0995822,14.95436211,14.71675561,29.333929,73.125,190.152,Upper-middle income,40.9
Argentina,100,-4.501896117,14.40547859,82.33295546,5.26E+11,99.59583647,15.75200992,14.00131506,28.40679365,73.125,188.697,High income,41.6
Argentina,99.81168365,3.924541342,10.70565205,84.0042171,5.95E+11,101.074922,14.1426047,11.78057404,22.48622609,73.125,192.366,Upper-middle income,
Argentina,99.95601654,-2.815488968,12.52709517,83.37646965,5.58E+11,101.0396975,14.63811953,13.56679268,26.09388785,73.125,190.93,Upper-middle income,42
Argentina,100,4.58219842,11.32028336,84.43646724,6.44E+11,102.6490344,13.07625229,13.96931778,25.28960114,73.125,187.416,Upper-middle income,41.1
Argentina,100,-3.1777836,14.61983125,82.22586042,5.18E+11,98.27276348,14.42411905,16.55511029,31.17494154,76.25,185.03,Upper-middle income,41.3
Armenia,98.9,-0.248149045,22.16141881,112.9647566,1911563669,134.887088,-0.92701688,50.07191142,72.23333023,58.75,3.491,Low income,
Armenia,100,8.998235943,24.1458544,108.7538082,2118467913,131.6581635,5.411983631,45.718412,69.86426639,58.75,3.533,Low income,35.4
Armenia,98,15.41795049,27.83210837,102.8695128,2376335048,128.2878096,10.24540583,46.15239348,73.98450184,58.75,3.077,Lower-middle income,34.8
Armenia,99.22579956,20.48487546,30.48299789,96.99655192,2807061009,125.3445019,16.34181182,49.56836971,80.0513676,61.875,3.456,Lower-middle income,33
Armenia,99.24093628,10.96435088,28.19074382,96.11983131,3576615240,125.242389,19.7148351,44.87989017,73.07063399,61.875,3.691,Lower-middle income,37.5
Armenia,99.8,15.60782648,27.31319795,89.13412656,4900469950,124.8995656,24.30731709,42.82654063,70.13973858,76.875,4.376,Lower-middle income,36
Armenia,99.23873901,15.52356776,22.14598144,85.27503946,6384451606,127.5004971,28.54483369,38.88415655,61.03013798,76.875,4.402,Lower-middle income,29.7
Armenia,99.23002625,17.90259719,18.18935698,84.75510016,9206301700,129.1067231,28.60069226,38.7856901,56.97504709,76.875,5.1,Lower-middle income,31.2
Armenia,99.22450256,10.38866333,14.26572957,84.68808716,11662040714,132.630923,27.90492035,40.27659839,54.54232796,76.875,5.575,Lower-middle income,29.2
Armenia,99.22839355,-21.36172505,14.67090075,96.8311216,8647936748,137.9761724,14.04755692,42.603335,57.27423574,76.875,4.363,Lower-middle income,28
Armenia,99.8,1.909665489,19.74841532,98.30059378,9260284938,137.1153488,13.20076363,44.89456066,64.64297597,76.875,4.253,Lower-middle income,30
Armenia,99.60435486,2.772482116,22.52318826,99.91539846,10142111334,131.8371974,11.09572312,46.9123854,69.43557366,80,4.969,Lower-middle income,29.4
Armenia,99.61703491,12.71497885,27.56181148,96.78979332,10619320049,121.4707461,14.0967332,48.39986448,75.96167596,80,5.748,Lower-middle income,29.6
Armenia,99.42,2.97625636,28.35348514,98.72357072,11121465767,120.8760608,14.83671889,49.20156302,77.55504816,80,5.535,Lower-middle income,30.6
Armenia,99.71,0.76970614,28.56038166,97.63303903,11609512940,118.9160797,13.28125739,47.21848531,75.77886696,80,5.56,Lower-middle income,31.5
Armenia,100,-1.821256908,29.72539121,91.02744466,10553337673,111.7579748,18.43038559,41.95668313,71.68207434,80,5.072,Lower-middle income,32.4
Armenia,99.8,-1.858265301,33.74427986,89.75781648,10546135160,107.7733251,17.81446519,42.3336876,76.07796746,80,5.159,Lower-middle income,32.5
Armenia,99.7,10.04310816,38.21604566,92.34854501,11527458566,110.7702852,16.91277114,48.98633088,87.20237654,80,5.485,Lower-middle income,33.6
Armenia,99.9,2.999776589,39.39289403,91.28757964,12457941907,113.687319,15.47335372,53.08021299,92.47310702,82.5,6.297,Lower-middle income,34.4
Australia,100,NaN,19.43465944,75.85164839,4.15E+11,102.1596923,21.24190595,21.59435174,41.02901118,81.25,350.195,High income,
Australia,100,NaN,22.22572071,76.43397923,3.78E+11,99.91376694,20.82553727,22.13948765,44.36520836,81.25,357.669,High income,33.5
Australia,100,NaN,20.7745942,75.51497972,3.95E+11,100.0080875,21.84569045,20.78268167,41.55727587,81.25,362.21,High income,
Australia,100,NaN,19.0950859,76.08956752,4.66E+11,102.105848,21.13598459,21.20105873,40.29614463,81.25,369.726,High income,33.5
Australia,100,NaN,17.2032858,75.54210669,6.12E+11,102.7140466,21.5897676,19.91744857,37.12073437,81.25,383.205,High income,33.1
Australia,100,NaN,18.26510157,75.18200377,6.93E+11,102.7408711,21.04054248,21.00608107,39.27118264,81.25,386.513,High income,
Australia,100,NaN,19.8939213,74.21183626,7.46E+11,101.8162841,21.82758894,21.71030579,41.60422709,81.25,392.681,High income,
Australia,100,NaN,20.20360889,74.07281291,8.53E+11,101.6442219,21.44643093,21.84783079,42.05143968,81.25,399.842,High income,
Australia,100,NaN,20.16167323,73.88256139,1.05E+12,102.5471561,21.9927219,22.70865946,42.8703327,81.25,404.417,High income,35.4
Australia,100,NaN,23.00481294,72.3922247,9.28E+11,99.78827833,24.01129593,22.79309127,45.79790421,83.75,407.463,High income,
Australia,100,NaN,19.81000775,74.17836154,1.15E+12,101.0295025,21.79667242,20.83966397,40.64967173,83.75,405.503,High income,34.7
Australia,100,NaN,21.43641705,72.52654554,1.40E+12,99.03375777,23.30083168,20.47031601,41.90673306,91.25,404.173,High income,
Australia,100,NaN,21.48082841,72.50606553,1.55E+12,100.2486232,24.3083626,21.72951827,43.21034667,91.25,406.506,High income,
Australia,100,NaN,19.95616761,73.40023836,1.58E+12,101.29603,23.99113738,21.25226273,41.20843035,93.75,397.943,High income,
Australia,100,NaN,21.039455,73.68194529,1.47E+12,100.4275803,23.5936398,21.46703534,42.50649034,96.875,394.117,High income,34.4
Australia,100,NaN,19.98484551,75.25398544,1.35E+12,101.5246821,22.6402075,21.50952757,41.49437308,96.875,401.555,High income,
Australia,100,NaN,19.25105708,76.9034885,1.21E+12,102.2754671,20.66653679,21.52658435,40.77764142,96.875,411.032,High income,
Australia,100,NaN,21.20575066,75.35030933,1.33E+12,99.40710554,21.83450521,20.61296969,41.81872035,96.875,415.097,High income,
Australia,100,NaN,21.82190462,75.09007011,1.43E+12,99.61873025,21.69478471,21.44074306,43.26264768,96.875,415.954,High income,
Austria,100,3.434920031,43.34627395,73.08642509,1.97E+11,99.01339604,NaN,42.01422167,85.36049562,78.75,66.163,High income,28.8
Austria,100,-0.144887929,44.61755552,73.08732413,1.97E+11,98.24809042,NaN,42.91910925,87.53666476,78.75,70.103,High income,
Austria,100,2.136303125,45.3193862,72.37860532,2.13E+11,96.02126216,NaN,41.6287818,86.948168,78.75,71.919,High income,
Austria,100,0.436253346,44.57041472,73.06301762,2.62E+11,97.47176408,NaN,41.8169677,86.38738242,81.875,77.554,High income,29.5
Austria,100,2.359392343,46.86721497,72.75331376,3.01E+11,96.81434065,NaN,43.92513072,90.79234569,81.875,77.674,High income,29.8
Austria,100,1.142299275,48.6197522,73.15600041,3.16E+11,96.98124605,26.05641378,45.41405348,94.03380568,85,79.192,High income,28.7
Austria,100,3.626618098,50.84166886,72.47354004,3.36E+11,96.08386762,26.7350904,47.24664234,98.08831121,85,76.898,High income,29.6
Austria,100,3.075637572,52.56086942,70.76053118,3.89E+11,95.34483608,28.18862456,48.17238464,100.7332541,85,74.263,High income,30.6
Austria,100,1.265500953,53.24886062,71.09740674,4.30E+11,95.56486748,28.69712265,48.82482212,102.0736827,85,73.588,High income,30.4
Austria,100,-5.334605583,45.20741656,74.16577855,4.00E+11,96.94109949,24.83575575,41.85481441,87.06223097,91.25,67.494,High income,31.5
Austria,100,1.668661358,51.26216033,73.99446307,3.92E+11,96.60231019,25.82390233,47.75763591,99.01979624,91.25,72.012,High income,30.3
Austria,100,1.171062963,53.94867085,73.27630732,4.31E+11,97.4167818,26.09326413,51.15411778,105.1027886,91.25,69.898,High income,30.8
Austria,100,-0.847817536,53.9736762,73.32050559,4.09E+11,97.29761248,25.77517514,51.17850123,105.1521774,91.25,67.209,High income,30.5
Austria,100,-0.816114338,53.4412933,73.57880672,4.30E+11,97.30219672,25.48381808,50.62512079,104.0664141,91.25,67.746,High income,30.8
Austria,100,0.101760568,53.38657905,73.19929663,4.42E+11,96.73083942,25.98487076,50.1169562,103.5035353,94.375,64.084,High income,30.5
Austria,100,-0.589657916,53.08906056,72.44452256,3.82E+11,96.25004825,25.65294431,49.33825483,102.4273154,94.375,66.283,High income,30.5
Austria,100,2.637410178,52.40639365,71.91295663,3.96E+11,96.16928259,27.11826579,48.57568463,100.9820783,94.375,67.112,High income,30.8
Austria,100,-0.135724372,54.05370091,71.9931074,4.16E+11,96.82884333,26.34604773,50.89052331,104.9442242,94.375,69.629,High income,29.7
Austria,100,1.468296708,55.69095065,71.25346775,4.55E+11,96.79683946,26.8716825,52.41986954,108.1108202,94.375,66.72,High income,30.8
Azerbaijan,98.90822245,1.137421286,40.17083148,79.56168797,5272798391,100.2352642,15.46232862,38.3777368,78.54856828,66.875,29.506,Low income,
Azerbaijan,98.62342072,18.30568527,41.49860787,75.14297539,5707720391,95.819851,19.7657703,37.31657762,78.81518549,66.875,28.793,Low income,36.5
Azerbaijan,100,32.06422365,42.76783505,75.30556701,6235856820,109.8820619,19.6539097,50.05030928,92.81814433,66.875,29.642,Low income,25.3
Azerbaijan,98.97785187,16.92524457,42.00657665,72.35150073,7276753895,125.5229833,23.4172896,65.54537186,107.5519485,66.875,30.627,Lower-middle income,26.8
Azerbaijan,99.13969421,11.37014757,48.78900846,68.71233969,8680370408,126.7027737,25.38812222,72.71810743,121.5071159,66.875,32.078,Lower-middle income,26.6
Azerbaijan,99.28987885,24.28671565,62.94110601,52.54302256,13245716099,94.07785985,38.68582027,52.9007786,115.8418846,66.875,34.286,Lower-middle income,26.6
Azerbaijan,99.5,38.65555985,66.50414484,45.64285028,20982986344,75.50223512,44.28018555,38.75825501,105.2623998,66.875,39.109,Lower-middle income,
Azerbaijan,99.56891632,21.00382303,68.12891169,43.06165265,33050343783,64.58666103,44.61015803,28.51289646,96.64180815,76.25,30.458,Lower-middle income,
Azerbaijan,99.7101059,20.27299277,65.77613785,41.93067778,48852482960,60.62430862,49.43982321,23.46675902,89.24289686,76.25,35.451,Lower-middle income,
Azerbaijan,99.86070251,-1.616600534,51.63574568,53.88003314,44291490421,72.82867295,39.80410131,23.108296,74.74404168,76.25,31.857,Upper-middle income,
Azerbaijan,99.94705963,-5.994523317,54.30472154,50.24396562,52909294792,68.3035441,44.16502612,20.68126693,74.98598846,76.25,30.633,Upper-middle income,
Azerbaijan,99.9,15.62877815,56.42698053,47.38623709,65951627200,67.65408394,46.26604963,24.08106448,80.50804501,78.75,32.976,Upper-middle income,
Azerbaijan,100,0.385011969,52.97468019,49.99698595,69683935845,72.31370916,43.80780241,25.28838935,78.26306954,78.75,35.048,Upper-middle income,
Azerbaijan,100,NaN,48.41583308,52.18624317,74164435946,77.84417861,42.16728077,26.26001169,74.67584476,78.75,35.215,Upper-middle income,
Azerbaijan,100,NaN,43.27355666,56.32348879,75244294275,83.83352453,40.18196009,26.20966854,69.4832252,78.75,36.975,Upper-middle income,
Azerbaijan,100,NaN,37.79477749,69.09838176,53074370486,97.01195292,27.49888089,34.80673042,72.60150791,78.75,37.199,Upper-middle income,
Azerbaijan,100,NaN,46.42764939,71.54051621,37867518957,97.22185446,22.08130669,43.64966934,90.07731873,78.75,37.278,Upper-middle income,
Azerbaijan,100,NaN,48.54786473,68.92780269,40865558912,93.30672839,28.50077821,41.85445095,90.40231568,78.75,36.498,Upper-middle income,
Azerbaijan,100,NaN,54.09229386,64.60707686,47112941176,84.73655296,31.72467175,37.58028267,91.67257654,78.75,37.488,Upper-middle income,
Burundi,2.439689159,-0.697762116,6.318970594,107.1346456,870486065.9,109.9157833,1.32796785,16.23475389,22.55372449,64.375,0.271,Low income,
Burundi,2.801317215,-9.863248058,5.179202165,106.1373827,876794723.1,110.6056413,1.489883647,15.78484345,20.96404561,64.375,0.205,Low income,
Burundi,3.154657125,-6.646730442,4.685804181,108.3535608,825394490.2,112.302221,4.200173987,16.98802523,21.67382941,64.375,0.213,Low income,
Burundi,3.498532534,-31.210762,6.381414025,106.744694,784654423.6,114.613484,6.755630908,20.99489805,27.37631208,64.375,0.161,Low income,
Burundi,3.831767321,24.85071161,6.952748287,107.3235245,915257323.4,117.6706216,6.587317715,24.62336989,31.57611818,64.375,0.198,Low income,
Burundi,3.207317073,12.71969161,6.2,104.5,1117113046,122.7,15.3535761,28.9,35.1,64.375,0.154,Low income,
Burundi,2.66,12.38696446,7.3,109.2870295,1273375020,127.8000153,8.009435489,35.1,42.4,64.375,0.183,Low income,33.4
Burundi,4.775167942,-12.89219561,6.800000136,110.0135493,1356199365,125.2000076,7.336470748,31.99999864,38.79999877,64.375,0.202,Low income,
Burundi,4.8,1.994657856,10.50000026,112.7910162,1611835902,126.1999749,-1.504462878,36.69999932,47.19999958,64.375,0.209,Low income,
Burundi,5.40973711,3.976118087,6.600000274,103.6251414,1781455092,122.6000144,9.853377868,29.20000329,35.80000356,73.125,0.169,Low income,
Burundi,5.3,16.79540245,9.700001639,102.9396209,2032135191,120.1000033,3.216161072,29.80000376,39.5000054,73.125,0.297,Low income,
Burundi,6.106936455,-3.215923954,8.800000284,109.0542373,2235820809,125.3999849,1.953688092,34.20000255,43.00000284,73.125,0.355,Low income,
Burundi,6.5,14.89390555,9.700000891,107.9757235,2333308059,124.2999976,10.88161542,33.99998812,43.69998901,73.125,0.38,Low income,
Burundi,6.9,4.817522901,9.1,113.7800525,2451625280,128.3999816,3.933888525,37.50001311,46.60001311,73.125,0.399,Low income,38.6
Burundi,7,1.010251452,7.603418782,111.4000266,2705783330,125.6000228,0.617073027,34.15427339,41.75769218,73.125,0.377,Low income,
Burundi,8.403089523,9.942387672,5.732968591,97.83558442,3104394792,110.013203,11.22352321,26.80898555,32.54195414,73.125,0.392,Low income,
Burundi,9.251799583,-9.020009338,6.65258895,101.0372463,2959641047,110.2278,5.877362954,25.09163483,31.74422378,73.125,0.443,Low income,
Burundi,9.3,-1.432971515,7.4447026,101.3811315,3172292379,110.1871299,6.072690439,26.9515346,34.3962372,73.125,0.549,Low income,
Burundi,10.59861469,3.866934174,9.401038141,104.1249537,3036937141,115.228392,4.355708807,29.80900492,39.21004306,73.125,0.568,Low income,
Belgium,100,2.455065697,72.54739516,73.35238345,2.36E+11,97.13534475,,69.68273991,142.2301351,75.625,126.735,High income,33.1
Belgium,100,-0.345544506,71.61195892,73.71909649,2.37E+11,96.35292199,,67.96488091,139.5768398,75.625,126.085,High income,
Belgium,100,1.431274699,70.8312977,73.67515212,2.57E+11,94.4225541,26.36375388,65.25385179,136.0851495,75.625,126.879,High income,
Belgium,100,-0.099840609,69.03650851,73.67782811,3.17E+11,94.64253582,26.21979608,63.67904433,132.7155528,84.375,128.275,High income,28.1
Belgium,100,1.921463932,70.90627745,72.43879028,3.69E+11,95.10585045,27.1911195,66.0121279,136.9184053,84.375,128.805,High income,30.5
Belgium,100,0.770445888,74.28282892,72.28232963,3.86E+11,95.96339283,27.31620669,70.24622175,144.5290507,84.375,125.662,High income,29.3
Belgium,100,1.098254759,76.80499706,71.98696608,4.08E+11,95.95751519,27.8466578,72.76251224,149.5675093,84.375,123.906,High income,28.1
Belgium,100,2.817991502,78.3018047,71.26156332,4.70E+11,95.86483747,28.77786884,74.16664217,152.4684469,87.5,120.496,High income,29.2
Belgium,100,-2.121882201,80.88061998,73.39043751,5.15E+11,99.32720784,27.42074643,80.20782782,161.0884478,87.5,120.203,High income,28.4
Belgium,100,-2.202478834,68.83400371,75.56474852,4.81E+11,97.73803312,24.9976133,66.57203682,135.4060405,93.75,107.743,High income,28.6
Belgium,100,0.518913166,75.85006448,75.17076743,4.81E+11,98.29754412,25.35030396,74.1476086,149.9976731,93.75,114.561,High income,28.4
Belgium,100,-2.601892222,80.69736291,75.59205868,5.23E+11,100.0989978,23.49924635,80.79636075,161.4937237,100,105.046,High income,28.1
Belgium,100,2.613741463,80.40449051,76.24712339,4.96E+11,99.93704922,24.73166599,80.34153972,160.7460302,100,102.429,High income,27.5
Belgium,100,0.527013495,79.3243484,76.77395133,5.22E+11,99.20214824,24.23369807,78.52649664,157.850845,100,102.674,High income,27.7
Belgium,100,1.199978146,79.80100907,76.04501005,5.35E+11,99.18119777,24.57515733,78.98220685,158.7832159,100,96.811,High income,28.1
Belgium,100,1.750994555,77.80528215,74.95403183,4.62E+11,98.58198221,25.00809394,76.38726436,154.1925465,100,100.981,High income,27.7
Belgium,100,1.123330493,79.42961547,74.55358274,4.76E+11,98.80579504,24.8158872,78.23541051,157.665026,100,99.807,High income,27.6
Belgium,100,1.119250462,83.18241025,74.50976868,5.02E+11,98.96101585,25.13323465,82.1434261,165.3258363,100,99.456,High income,27.4
Belgium,100,0.293310137,82.99557248,74.7773802,5.43E+11,100.2637443,24.72905901,83.2593168,166.2548893,100,100.208,High income,27.2
Benin,21.5398941,5.370135923,20.60530255,90.1291241,3519991440,106.1375265,12.68387917,26.74284895,47.3481515,49.375,1.574,Low income,
Benin,21.9,2.499604695,19.86857881,90.76728372,3666222634,108.520004,13.27892181,28.38859183,48.25717064,49.375,1.79,Low income,
Benin,23.4730835,2.889561928,19.72661078,89.48149413,4194342689,104.3152167,13.61328875,24.04181176,43.76842254,49.375,2.053,Low income,
Benin,24.42607117,1.161552435,18.64429725,89.16384396,5349258093,104.327634,11.366391,22.97193331,41.61623056,46.875,2.328,Low income,38.6
Benin,25.36841774,4.002752183,18.51354757,87.65727832,6190270377,102.8758834,13.25686578,21.38942677,39.90297434,46.875,2.481,Low income,
Benin,26.29910088,-2.172293945,18.48363998,90.04260559,6567654959,102.1286505,12.19092972,20.61229121,39.09593119,65.625,2.367,Low income,
Benin,27.9,0.730558282,18.05792571,90.78537927,7034111316,103.6588444,12.46486564,21.716773,39.77469871,65.625,3.711,Low income,
Benin,28.13915253,2.179559893,22.04285312,88.65121586,8169048375,105.0280839,14.04519041,27.07093104,49.11378415,71.875,4.32,Low income,
Benin,29.0608387,1.973973551,22.14072027,89.75349626,9787734517,103.4939169,12.64174075,25.634639,47.77535927,71.875,4.255,Low income,
Benin,29.99194527,-0.649055694,19.92796684,89.98098066,9738626510,104.8466994,11.45438675,24.77466222,44.70262906,71.875,4.508,Low income,
Benin,34.2,-0.368038958,23.07204807,89.67866885,9535345011,105.2867581,11.38726242,28.35881188,51.43085995,71.875,4.939,Low income,
Benin,36.9,1.838182295,20.8496515,89.05515899,10693321370,105.5177163,12.125649,26.36737731,47.21702881,71.875,4.887,Low income,43.4
Benin,38.4,2.995000964,23.89673687,87.66695722,11141358106,102.94327,13.53316774,26.83999991,50.73673678,74.375,4.639,Low income,
Benin,34.65625,7.241881752,27.57056532,85.19719143,12517845128,104.0590638,16.28315595,31.62962651,59.20019183,74.375,4.883,Low income,
Benin,34.1,3.186515143,31.43084112,83.14900387,13284527850,102.4065895,18.60217892,33.83743382,65.26827494,74.375,5.217,Low income,
Benin,29.62,0.026506787,24.72045121,86.58354441,11388160997,107.3154108,13.86203005,32.03586197,56.75631318,74.375,6.076,Low income,47.8
Benin,37.08368683,1.461573828,27.60678807,83.50131259,11821065852,103.7733522,17.40228943,31.38014027,58.98692834,74.375,6.74,Low income,
Benin,34.5,1.063858098,27.20559478,83.10498517,12701655846,107.0654074,17.39915461,34.27100218,61.47659696,74.375,7.425,Low income,
Benin,39.23860168,4.793506413,27.29608879,80.86022023,14250987026,107.2525409,19.71714573,34.54862973,61.84471851,74.375,7.76,Low income,
Burkina Faso,9.071893692,0.968945697,8.844717485,102.8628079,2968369991,117.433507,NaN,26.27822449,35.12294197,70.625,1.031,Low income,
Burkina Faso,9.544128418,4.023098762,9.044082767,100.0241074,3190371050,113.5700053,NaN,22.61408805,31.65817081,70.625,0.992,Low income,
Burkina Faso,10.00807476,1.464678739,8.865365632,100.1301067,3622350204,113.5817916,NaN,22.44715722,31.31252285,70.625,1.001,Low income,
Burkina Faso,11.4,4.174397579,9.220431658,96.46809173,4740768355,111.9273731,NaN,21.14780475,30.36823641,70.625,1.074,Low income,43.3
Burkina Faso,10.90639877,0.751951726,10.8815873,98.19966519,5451688868,113.717769,NaN,24.5993563,35.4809436,70.625,1.1,Low income,
Burkina Faso,11.33857822,2.7191443,9.841847478,96.92488128,6146352742,114.4884748,5.853700299,24.33032229,34.17216977,76.875,1.122,Low income,
Burkina Faso,11.76162434,2.330334464,10.9568635,97.06780972,6547420134,113.1928154,6.313850455,24.14967885,35.10654236,76.875,1.356,Low income,
Burkina Faso,12.18161964,-0.360346447,10.34854222,94.83154807,7625723124,113.0826329,10.16890241,23.43117507,33.77971729,76.875,1.591,Low income,
Burkina Faso,12.60480118,1.262010068,10.14932705,94.35470043,9451436359,115.0866629,9.604477755,25.23598993,35.38531698,76.875,1.735,Low income,
Burkina Faso,12.63,-0.97558411,13.78897086,92.72800969,9450697336,112.718042,11.49202738,26.50701281,40.29598367,76.875,1.83,Low income,39.8
Burkina Faso,13.1,5.578561379,20.51584886,86.05110683,10109618964,108.0415408,15.83870997,28.55738968,49.07323854,76.875,2.037,Low income,
Burkina Faso,14.89940453,2.881777341,26.19550052,82.98274026,12080296644,105.1062521,17.49559935,31.30175258,57.4972531,76.875,2.13,Low income,
Burkina Faso,15.16293812,8.588089514,26.59808542,83.38944425,12561016091,108.0424371,18.06330109,34.64052256,61.23860798,76.875,2.62,Low income,
Burkina Faso,15.40517426,0.445175326,27.07698545,86.17196539,13444301139,109.8818804,14.39043309,36.95886585,64.0358513,76.875,2.864,Low income,
Burkina Faso,19.2,-0.324309453,26.93200415,85.69730499,13943016924,104.9595542,13.38918085,31.89155834,58.82356249,76.875,2.912,Low income,35.3
Burkina Faso,16.07070351,1.091862524,26.10764554,87.46719052,11832159276,106.8738902,11.85934408,32.98153577,59.08918131,76.875,3.298,Low income,
Burkina Faso,16.6396122,5.475747281,25.9159648,85.26569524,12833363370,106.0612432,13.45074884,31.977208,57.8931728,76.875,3.381,Low income,
Burkina Faso,17.21655655,3.898698144,26.45238564,84.30217234,14106956830,106.3640089,14.77021264,32.81639457,59.2687802,76.875,3.938,Low income,
Burkina Faso,14.4,9.7870033,28.12932376,81.31822185,16059910871,104.0446515,17.36235371,32.17397524,60.30329901,76.875,4.14,Low income,
Bangladesh,32,3.716215416,12.34420123,79.98122184,53369787319,103.7897844,27.79745769,16.97751313,29.32171436,38.125,26.525,Low income,33.4
Bangladesh,35.109272,2.926912194,13.38655921,79.36849765,53991289844,103.5428044,28.42229043,18.71145786,32.09801707,38.125,31.035,Low income,
Bangladesh,37.88195801,2.088000369,12.40996893,79.16106127,54724081491,103.5024774,30.74917643,16.55741179,28.96738072,38.125,31.981,Low income,
Bangladesh,40.64517975,2.416548245,11.4311487,79.81437769,60158929188,104.4935666,30.1645967,16.2267362,27.6578849,38.125,33.459,Low income,
Bangladesh,40.6,6.100265118,11.14650895,78.81208681,65108544250,103.8039208,31.57740067,15.7117252,26.85823415,38.125,35.945,Low income,
Bangladesh,44.23,5.062613926,14.3928419,78.94428625,69442943089,104.7747218,32.3626785,20.00409297,34.39693486,38.125,37.677,Low income,33.2
Bangladesh,50.52510246,6.569584565,16.35346357,78.56338676,71819083684,104.7075325,35.33850447,21.75846087,38.11192443,38.125,41.689,Low income,
Bangladesh,46.5,6.052230837,16.99533485,79.2526162,79611888213,105.4311133,36.31743462,22.94704781,39.94238265,43.75,42.642,Low income,
Bangladesh,54.33111954,4.177208758,17.65885848,80.81058795,91631278239,107.0128594,37.38253287,24.96205555,42.62091403,43.75,45.301,Low income,
Bangladesh,57.07246017,3.939516848,16.94013291,79.66758642,1.02E+11,105.8736434,38.97611857,23.15266332,40.09279622,46.875,49.148,Low income,
Bangladesh,55.26,5.268546261,16.02411269,79.18997615,1.15E+11,105.4366323,38.78147102,21.77872999,37.80284267,46.875,53.992,Low income,32.1
Bangladesh,59.6,4.257484074,19.92207496,79.37791633,1.29E+11,106.7988897,38.05723592,27.49877488,47.42084984,49.375,56.556,Low income,
Bangladesh,65.41366577,4.994093476,20.16158886,78.77623737,1.33E+11,107.0385724,40.59589684,27.94933388,48.11092275,49.375,60.691,Low income,
Bangladesh,61.5,4.537023974,19.53787411,77.96390563,1.50E+11,106.3535264,39.74593591,26.75852861,46.29640272,49.375,61.782,Low income,
Bangladesh,62.4,2.961300221,18.98966,77.91005767,1.73E+11,106.4879334,37.77929258,25.5244202,44.5140802,49.375,65.979,Lower-middle income,
Bangladesh,74.44007874,4.935798463,17.33667379,77.84152986,1.95E+11,106.7282191,36.73376986,24.74932252,42.08599631,49.375,72.835,Lower-middle income,
Bangladesh,75.92,5.443769153,16.64971496,75.02225074,2.21E+11,104.6748161,37.11618827,21.30458139,37.95429635,49.375,75.857,Lower-middle income,32.4
Bangladesh,88,4.940882653,15.03610763,74.67074856,2.50E+11,105.1812032,35.23343399,20.26789246,35.30400009,49.375,80.324,Lower-middle income,
Bangladesh,91.8,6.957533404,14.80095818,77.1652021,2.74E+11,108.4001261,33.26894557,23.44393481,38.24489299,49.375,85.719,Lower-middle income,
Bulgaria,100,4.521885518,36.21885804,86.26184667,13245833844,105.3079908,13.48382868,41.52684888,77.74570692,68.125,45.305,Lower-middle income,
Bulgaria,100,9.50966179,34.88131742,87.96766211,14183497963,109.3187339,15.72152785,44.20005133,79.08136875,73.75,49.014,Lower-middle income,
Bulgaria,100,10.62748479,33.64730372,87.4459827,16402846413,107.9750036,17.98519358,41.62230729,75.26961101,73.75,46.259,Lower-middle income,
Bulgaria,100,5.547871148,34.416944,88.10582087,21144983552,110.1799931,16.80982157,44.59693706,79.01388106,73.75,50.51,Lower-middle income,
Bulgaria,100,8.265115325,40.95663729,87.7172662,26157894737,111.1506166,16.97698667,52.1072539,93.06389119,82.5,49.571,Lower-middle income,
Bulgaria,100,5.876857038,42.52956666,86.91540777,29869283400,114.65508,16.7567848,57.18464668,99.71421333,88.125,50.656,Lower-middle income,
Bulgaria,100,5.768499441,46.97787863,85.03537018,34379808889,117.0917055,14.94473111,64.06958412,111.0474628,88.125,51.895,Upper-middle income,35.7
Bulgaria,100,3.775732757,52.38770566,85.20702975,44405101470,118.8342348,9.699146654,71.2219405,123.6096462,88.125,55.741,Upper-middle income,36.1
Bulgaria,100,12.08446661,52.51854154,82.79549779,54438966420,119.7488027,14.87387962,72.2673442,124.7858857,88.125,54.08,Upper-middle income,33.6
Bulgaria,100,-0.252901938,42.21885066,79.71672444,52023504656,108.2549455,19.62721246,50.47379621,92.69264687,90.625,45.774,Upper-middle income,33.8
Bulgaria,100,0.980636737,50.40623782,80.20722999,50381825504,102.8623893,21.66920753,53.26862716,103.674865,90.625,47.863,Upper-middle income,35.7
Bulgaria,100,4.730956366,59.10218182,78.15626475,57386216850,99.62362778,22.76220687,58.72580959,117.8279914,87.5,53.178,Upper-middle income,34.3
Bulgaria,100,2.384722827,60.65264943,81.19025533,54033250329,103.1849202,22.48797653,63.83756962,124.4902191,87.5,48.349,Upper-middle income,36
Bulgaria,100,0.067918378,64.80783261,79.3630981,55615397666,100.4456368,24.10899257,65.25346944,130.061302,90.625,42.65,Upper-middle income,36.6
Bulgaria,100,3.840891315,64.80525862,79.40354262,56901994980,100.9787492,23.56374476,65.78400783,130.5892665,90.625,45.169,Upper-middle income,37.4
Bulgaria,100,3.345466181,63.9695837,77.99505335,50647442757,99.04410636,22.30608297,63.01369006,126.9832738,90.625,48.194,Upper-middle income,38.6
Bulgaria,100,6.781525939,64.04497754,76.04326221,53806894796,95.049318,23.9265575,59.09429554,123.1392731,90.625,45.354,Upper-middle income,40.6
Bulgaria,100,5.417550225,67.27914135,75.78359756,58971520599,95.66602199,25.05011164,62.94516334,130.2243047,90.625,47.505,Upper-middle income,40.4
Bulgaria,100,3.396185204,65.81872506,76.19395439,66230155100,97.45093751,23.87611633,63.26966258,129.0883876,90.625,43.552,Upper-middle income,41.3
Bahrain,100,NaN,79.18066703,60.87274221,9062898936,77.44780127,25.73325113,56.6284683,135.8091353,28.75,18.794,Upper-middle income,
Bahrain,100,-4.475398271,73.61076132,64.09534674,8976196809,79.80474363,18.23996125,53.41550496,127.0262663,28.75,14.078,High income,
Bahrain,100,-11.48986064,72.5085663,62.768771,9593510638,86.11650162,22.82781745,58.62506792,131.1336342,28.75,15.868,High income,
Bahrain,100,7.223591251,72.063072,60.2296278,11074813830,83.96543816,25.54748531,56.02851016,128.0915822,28.75,16.771,High income,
Bahrain,100,0.244403146,78.60514596,63.00708267,13150159574,83.52701812,24.10547562,62.13216408,140.73731,28.75,17.882,High income,
Bahrain,100,10.07509263,83.89404821,53.79015496,15968723404,80.5254287,35.96634878,64.4194769,148.3135251,28.75,19.803,High income,
Bahrain,100,5.345710279,84.63894426,47.43848262,18504760638,77.82643627,42.20862228,62.46523681,147.1041811,31.875,19.42,High income,
Bahrain,100,7.010863022,79.67952923,43.71285408,21730000000,78.4261145,48.08899844,58.10552134,137.7850506,31.875,26.77,High income,
Bahrain,100,5.817753473,82.57734838,45.77958685,25710904255,80.72771094,43.72616375,63.30516277,145.8825111,31.875,29.682,High income,
Bahrain,100,-18.48128377,68.46559387,54.88784049,22938218085,81.03253768,28.58593099,49.49813154,117.9637254,31.875,28.098,High income,
Bahrain,100,9.952292951,69.53731774,54.11126591,25713271277,81.39775904,30.27512906,50.93507678,120.4723945,31.875,29.075,High income,
Bahrain,100,-0.255829188,99.41866913,52.9150647,28776595745,75.31802218,26.8797597,74.73659889,174.155268,31.875,28.637,High income,
Bahrain,100,8.531014348,102.1455248,53.44731848,30749308511,81.59368746,36.53013387,83.73912577,185.8846506,31.875,27.328,High income,
Bahrain,100,7.196343745,104.8048033,56.32268178,32539468085,82.26327439,33.34579856,87.06775078,191.8725541,35,31.187,High income,
Bahrain,100,-1.747136378,96.05075125,56.62175058,33387712766,83.46625479,31.40689418,79.51708569,175.5678369,35,31.148,High income,
Bahrain,100,-8.330181782,83.10720991,63.18616467,31050638298,88.71695515,23.59933328,71.82416506,154.931375,35,32.672,High income,
Bahrain,100,-0.176995914,74.20082753,62.06495687,32234973404,91.21890044,24.94614429,65.41972798,139.6205555,37.5,31.397,High income,
Bahrain,100,1.657959428,75.77968142,58.58395548,35473776596,91.52737938,28.8557475,67.30698583,143.0866673,37.5,32.771,High income,
Bahrain,100,-3.000272614,79.56720683,57.26824389,37652500000,92.27446681,28.53629283,71.84188555,151.4090924,40,31.594,High income,
"Bahamas, The",100,1.693096458,38.04756286,66.54516144,8076470000,96.73037849,32.68491061,41.59738103,79.64494389,73.125,1.949,High income,
"Bahamas, The",100,-3.973106097,34.07258864,70.18777734,8317830000,97.06137298,28.74391518,38.42829199,72.50088064,73.125,1.869,High income,
"Bahamas, The",100,9.094815776,36.17545456,66.27963014,8881160000,90.48817947,32.12153958,34.10252715,70.27798171,81.25,1.927,High income,
"Bahamas, The",100,-3.855465849,35.81023417,67.62840061,8870090000,91.90211148,31.20227641,35.25330634,71.06354051,81.25,1.964,High income,
"Bahamas, The",100,-5.00476693,38.2152311,68.50802128,9055290000,91.6988854,32.70077491,37.78675227,76.00198337,81.25,1.971,High income,
"Bahamas, The",100,3.24006148,38.75988695,69.18118786,9836200000,96.51796425,29.83435758,42.63638397,81.39627092,81.25,1.828,High income,
"Bahamas, The",100,-4.571228014,38.30927734,71.77063611,10167250000,105.2870737,26.5970641,49.24143697,87.5507143,81.25,1.777,High income,
"Bahamas, The",100,2.317675167,40.09195411,70.51290503,10618340000,101.0233238,27.79379828,47.92086145,88.01281556,81.25,1.795,High income,
"Bahamas, The",100,-4.732480201,39.49363481,72.43967319,10526000000,101.8953069,26.76282965,47.93558807,87.42922288,81.25,2.36,High income,
"Bahamas, The",100,-11.17240017,34.19067999,73.26416856,9981960000,101.3177773,25.46533947,42.33036398,76.52104396,81.25,1.608,High income,
"Bahamas, The",100,-4.306303513,34.95328732,74.19946591,10095760000,102.1854719,23.71975958,43.72231511,78.67560243,81.25,2.389,High income,
"Bahamas, The",100,-2.468164794,37.43526853,76.72844808,10070450000,106.9118063,21.04410429,50.89842063,88.33368916,81.25,1.803,High income,
"Bahamas, The",100,6.411057983,38.12723287,76.65416725,10720500000,107.9962688,22.41024206,46.1235017,84.25073457,81.25,1.909,High income,
"Bahamas, The",100,-2.808217715,39.63797737,76.19317967,10568400000,105.171076,23.50826047,45.29730139,84.93527876,81.25,2.884,High income,
"Bahamas, The",100,-2.358492051,38.8044926,76.35264048,11111600000,107.9007524,20.29980706,47.96878937,86.77328198,81.25,2.363,High income,
"Bahamas, The",100,1.48234768,37.91799023,74.85654268,11710800000,99.76005055,21.83618702,38.25528572,76.17327595,81.25,2.041,High income,
"Bahamas, The",100,1.382607922,36.58716519,73.32271451,11928500000,99.20191139,25.63077454,37.33411577,73.92128097,81.25,1.795,High income,
"Bahamas, The",100,5.392842753,36.33743505,77.02610742,12490700000,104.2863891,19.64448505,40.00176131,76.33919636,81.25,1.971,High income,
"Bahamas, The",100,-0.59432916,39.4099262,76.19354789,13022100000,101.294722,18.04044626,38.38781763,77.79774384,81.25,2.03,High income,
Bosnia and Herzegovina,100,NaN,28.69084267,NaN,5505887894,NaN,NaN,75.50159552,104.1924382,66.875,13.701,Lower-middle income,
Bosnia and Herzegovina,99.4,NaN,28.39251174,NaN,5748993411,NaN,NaN,75.92638838,104.3189001,66.875,13.264,Lower-middle income,30
Bosnia and Herzegovina,98.5,NaN,24.34785182,NaN,6651106833,NaN,NaN,70.93062731,95.27847913,66.875,14.173,Lower-middle income,
Bosnia and Herzegovina,100,NaN,30.28986625,NaN,8369878823,NaN,NaN,83.16989659,113.4597628,76.25,14.35,Lower-middle income,
Bosnia and Herzegovina,100,NaN,27.81109309,112.4144587,10596205714,139.0328398,11.17025789,66.84393287,94.65502596,76.25,15.462,Lower-middle income,34
Bosnia and Herzegovina,100,NaN,31.63112051,116.1335315,11222953519,143.3417794,6.138807029,71.63375162,103.2648721,78.75,16.046,Lower-middle income,
Bosnia and Herzegovina,99.38727699,NaN,35.02181135,111.8246177,12864610994,133.4605577,8.590225353,63.02171064,98.04352199,78.75,17.387,Lower-middle income,
Bosnia and Herzegovina,99.7,6.895974748,27.10155319,107.8349567,15778767670,133.6153912,12.52196731,56.45030422,83.55185741,78.75,17.474,Lower-middle income,33.1
Bosnia and Herzegovina,100,2.794226559,26.84806772,107.9630225,19112739664,135.6613634,10.78009181,59.3148096,86.16287732,78.75,19.959,Upper-middle income,
Bosnia and Herzegovina,100,-3.061200614,25.00937959,108.6546657,17613836210,129.0526733,8.705407175,48.73811824,73.74749783,78.75,20.537,Upper-middle income,
Bosnia and Herzegovina,100,-1.517429337,29.69554093,107.870123,17176781337,124.7203888,7.668971537,51.27267139,80.96821232,81.875,21.146,Upper-middle income,
Bosnia and Herzegovina,99.70578055,-1.344736837,32.03597295,107.3678194,18644723861,126.5247436,6.941548377,55.80037667,87.83634962,81.875,23.761,Upper-middle income,33
Bosnia and Herzegovina,100,-1.991040465,32.35054272,109.3419483,17226849297,128.8654071,5.45644526,55.79456891,88.14511162,81.875,22.136,Upper-middle income,
Bosnia and Herzegovina,99.5,4.37119846,33.74304869,107.7383996,18178503835,126.1083843,7.398660619,54.18819337,87.93124206,81.875,21.801,Upper-middle income,
Bosnia and Herzegovina,100,2.472557562,33.98912083,107.1017164,18558343508,126.4700748,8.20747264,56.56316032,90.55228116,81.875,19.311,Upper-middle income,
Bosnia and Herzegovina,99.7,6.740399844,35.53234395,103.5691947,16211541820,122.5969387,9.609444846,53.80931457,89.34165852,81.875,18.461,Upper-middle income,
Bosnia and Herzegovina,100,6.746977116,36.34176641,100.5432467,16913330694,120.6532236,11.32636467,52.96648393,89.30825034,85,21.733,Upper-middle income,
Bosnia and Herzegovina,100,5.067292808,40.87253038,98.20693922,18080118128,120.1181104,13.21168345,57.08703373,97.95956411,88.125,21.792,Upper-middle income,
Bosnia and Herzegovina,100,5.438893851,42.5185183,95.52459767,20183510561,117.1290958,15.86733032,57.25628487,99.77480317,85,22.086,Upper-middle income,
